university,ranking,logo
Utrecht University,121,https://www.topuniversities.com/sites/default/files/styles/logo_88x88/public/profiles/logos/utrecht-university_646_large_3.jpg
HU University of Applied Sciences Utrecht,1000+,https://www.topuniversities.com/sites/default/files/styles/logo_88x88/public/default_images/school-logo_def_3.png
Tilburg University ,368,https://www.topuniversities.com/sites/default/files/styles/logo_88x88/public/profiles/logos/tilburg-university_592560cf2aeae70239af4ce5_large_5.jpg
Fontys University of Applied Sciences,1000+,https://www.topuniversities.com/sites/default/files/styles/logo_88x88/public/default_images/school-logo_def_3.png
Radboud University,214,https://www.topuniversities.com/sites/default/files/styles/logo_88x88/public/profiles/logos/radboud-university_452_large_10.jpg
Norwegian University of Science and Technology,360,https://www.topuniversities.com/sites/default/files/styles/logo_88x88/public/profiles/logos/norwegian-university-of-science-and-technology_457_large_1.jpg
University of Oslo,113,https://www.topuniversities.com/sites/default/files/styles/logo_88x88/public/profiles/logos/university-of-oslo_473_large_2.jpg
The University of Auckland,81,https://www.topuniversities.com/sites/default/files/styles/logo_88x88/public/profiles/logos/the-university-of-auckland_592560cf2aeae70239af4aa8_large_2.jpg
National Taiwan University,66,https://www.topuniversities.com/sites/default/files/styles/logo_88x88/public/default_images/school-logo_def.png
Shih Hsin University,1000+,https://www.topuniversities.com/sites/default/files/styles/logo_88x88/public/default_images/school-logo_def_3.png
National Taiwan University - College of Management,66,https://www.topuniversities.com/sites/default/files/styles/logo_88x88/public/default_images/school-logo_def.png
National Sun Yat-sen University,416,https://www.topuniversities.com/sites/default/files/styles/logo_88x88/public/profiles/logos/national-sun-yat-sen-university_439_large_1.jpg
Roskilde University,1000+,https://www.topuniversities.com/sites/default/files/styles/logo_88x88/public/profiles/logos/roskilde-university_592560cf2aeae70239af4f73_large_1.jpg
Technical University of Denmark (DTU),103,https://www.topuniversities.com/sites/default/files/styles/logo_88x88/public/profiles/logos/technical-university-of-denmark_592560cf2aeae70239af4cd8_large_24.jpg
Aalborg University,305,https://www.topuniversities.com/sites/default/files/styles/logo_88x88/public/profiles/logos/aalborg-university_1262_large_4.jpg
University of Southern Denmark (SDU),353,https://www.topuniversities.com/sites/default/files/styles/logo_88x88/public/profiles/logos/university-of-southern-denmark_592560cf2aeae70239af4c53_large_2.jpg
Copenhagen Business Academy,정보 없음,https://www.topuniversities.com/sites/default/files/styles/logo_88x88/public/default_images/school-logo_def.png
Ulm University,344,https://www.topuniversities.com/sites/default/files/styles/logo_88x88/public/default_images/school-logo_def.png
Frankfurt School of Finance & Management,1000+,https://www.topuniversities.com/sites/default/files/styles/logo_88x88/public/profiles/logos/frankfurt-school-of-finance-management_592560cf2aeae70239af5775_large_2.jpg
Frankfurt University of Applied Sciences,정보 없음,https://www.topuniversities.com/sites/default/files/styles/logo_88x88/public/default_images/school-logo_def.png
HFU - Furtwangen University,정보 없음,https://www.topuniversities.com/sites/default/files/styles/logo_88x88/public/default_images/school-logo_def.png
Hochschule für Wirtschaft und Recht Berlin / Berlin School of Economics and Law,정보 없음,https://www.topuniversities.com/sites/default/files/styles/logo_88x88/public/default_images/school-logo_def.png
Hochschule Osnabrück,정보 없음,https://www.topuniversities.com/sites/default/files/styles/logo_88x88/public/default_images/school-logo_def.png
Hochschule Worms University of Applied Sciences,정보 없음,https://www.topuniversities.com/sites/default/files/styles/logo_88x88/public/default_images/school-logo_def.png
Cologne Business School,1000+,https://www.topuniversities.com/sites/default/files/styles/logo_88x88/public/profiles/logos/cologne-business-school_592560cf2aeae70239af57f3_large.jpg
Friedrich-Alexander-University Erlangen-Nürnberg,정보 없음,https://www.topuniversities.com/sites/default/files/styles/logo_88x88/public/default_images/school-logo_def.png
RWTH Aachen,145,https://www.topuniversities.com/sites/default/files/styles/logo_88x88/public/default_images/school-logo_def.png
Technical University of Munich ,50,https://www.topuniversities.com/sites/default/files/styles/logo_88x88/public/profiles/logos/technical-university-of-munich_599_large_3.jpg
Chemnitz University of Technology,정보 없음,https://www.topuniversities.com/sites/default/files/styles/logo_88x88/public/default_images/school-logo_def.png
Ruhr-Universität Bochum,439,https://www.topuniversities.com/sites/default/files/styles/logo_88x88/public/profiles/logos/ruhr-universitt-bochum_537_large_2.jpg
"Mainz, University of Applied Sciences",정보 없음,https://www.topuniversities.com/sites/default/files/styles/logo_88x88/public/default_images/school-logo_def.png
Hof University of Applied Sciences,정보 없음,https://www.topuniversities.com/sites/default/files/styles/logo_88x88/public/default_images/school-logo_def.png
HSE University Moscow(Higher School of Economics),298,https://www.topuniversities.com/sites/default/files/styles/logo_88x88/public/default_images/school-logo_def.png
Vytautas Magnus University,801-1000,https://www.topuniversities.com/sites/default/files/styles/logo_88x88/public/profiles/logos/vytautas-magnus-university_592560cf2aeae70239af5032_large.jpg
Universiti Teknologi Malaysia,187,https://www.topuniversities.com/sites/default/files/styles/logo_88x88/public/profiles/logos/universiti-teknologi-malaysia_387_large_2.jpg
Instituto Tecnológico Autónomo de México (ITAM),701-750,https://www.topuniversities.com/sites/default/files/styles/logo_88x88/public/default_images/school-logo_def.png
Universidad Iberoamericana Ciudad de Mexico,정보 없음,https://www.topuniversities.com/sites/default/files/styles/logo_88x88/public/default_images/school-logo_def.png
"Arizona State University, W. P. Carey School of Business",220,https://www.topuniversities.com/sites/default/files/styles/logo_88x88/public/profiles/logos/arizona-state-university_592560cf2aeae70239af4a9c_large.jpg
Clarkson University,751-800,https://www.topuniversities.com/sites/default/files/styles/logo_88x88/public/profiles/logos/clarkson-university_592560cf2aeae70239af5181_large_2.jpg
Indiana University,정보 없음,https://www.topuniversities.com/sites/default/files/styles/logo_88x88/public/default_images/school-logo_def.png
Pennsylvania State University(Penn State University),101,https://www.topuniversities.com/sites/default/files/styles/logo_88x88/public/profiles/logos/pennsylvania-state-university_494_large_2.jpg
The University of Texas at Dallas,531-540,https://www.topuniversities.com/sites/default/files/styles/logo_88x88/public/profiles/logos/university-of-texas-dallas_592560cf2aeae70239af5355_large_1.jpg
UNC Greensboro,1000+,https://www.topuniversities.com/sites/default/files/styles/logo_88x88/public/default_images/school-logo_def.png
American University,651-700,https://www.topuniversities.com/sites/default/files/styles/logo_88x88/public/profiles/logos/american-university_17_large_0.jpg
Boise State University,1000+,https://www.topuniversities.com/sites/default/files/styles/logo_88x88/public/profiles/logos/boise-state-university_592560cf2aeae70239af5383_large_0.jpg
University of Oklahoma,1000+,https://www.topuniversities.com/sites/default/files/styles/logo_88x88/public/profiles/logos/university-of-oklahoma_592560cf2aeae70239af572c_large_1.jpg
"College of Charleston,
School of Business",정보 없음,https://www.topuniversities.com/sites/default/files/styles/logo_88x88/public/default_images/school-logo_def.png
University of Wyoming,801-1000,https://www.topuniversities.com/sites/default/files/styles/logo_88x88/public/profiles/logos/university-of-wyoming_592560cf2aeae70239af51ca_large_1.jpg
"Washington State University,
Carson College of Business",411,https://www.topuniversities.com/sites/default/files/styles/logo_88x88/public/profiles/logos/washington-state-university_666_large_2.jpg
Université de Liège,451,https://www.topuniversities.com/sites/default/files/styles/logo_88x88/public/profiles/logos/universit-de-lige_592560cf2aeae70239af4bd9_large.jpg
"KU Leuven, Faculty of Economics and Business",84,https://www.topuniversities.com/sites/default/files/styles/logo_88x88/public/profiles/logos/ku-leuven_592560cf2aeae70239af4aec_large_5.jpg
Université de Technologie de Troyes,1000+,https://www.topuniversities.com/sites/default/files/styles/logo_88x88/public/default_images/school-logo_def.png
ICHEC Brussels Management School,정보 없음,https://www.topuniversities.com/sites/default/files/styles/logo_88x88/public/default_images/school-logo_def.png
University of Sao Paulo,정보 없음,https://www.topuniversities.com/sites/default/files/styles/logo_88x88/public/default_images/school-logo_def.png
Universidade do Vale do Rio dos Sinos - UNISINOS,1000+,https://www.topuniversities.com/sites/default/files/styles/logo_88x88/public/profiles/logos/universidade-do-vale-do-rio-dos-sinos_592560cf2aeae70239af5526_large_2.jpg
Linnaeus University,1000+,https://www.topuniversities.com/sites/default/files/styles/logo_88x88/public/default_images/school-logo_def_3.png
"Stockholm University,
Stockholm Business School",181,https://www.topuniversities.com/sites/default/files/styles/logo_88x88/public/profiles/logos/stockholm-university_577_large_1.jpg
Halmstad University,1000+,https://www.topuniversities.com/sites/default/files/styles/logo_88x88/public/profiles/logos/halmstad-university_592560cf2aeae70239af5090_large.jpg
Linköping University,362,https://www.topuniversities.com/sites/default/files/styles/logo_88x88/public/profiles/logos/linkping-university_348_large_8.jpg
10,정보 없음,https://www.topuniversities.com/sites/default/files/styles/logo_88x88/public/default_images/school-logo_def.png
ZHAW School of Management and Law,정보 없음,https://www.topuniversities.com/sites/default/files/styles/logo_88x88/public/default_images/school-logo_def.png
"University of Applied Sciences and Arts Northwestern Switzerland, School of Business",정보 없음,https://www.topuniversities.com/sites/default/files/styles/logo_88x88/public/default_images/school-logo_def.png
Universitat de Barcelona,183,https://www.topuniversities.com/sites/default/files/styles/logo_88x88/public/profiles/logos/university-of-barcelona_592560cf2aeae70239af4aaf_large_4.jpg
Universidad de Málaga,1000+,https://www.topuniversities.com/sites/default/files/styles/logo_88x88/public/default_images/school-logo_def_3.png
University of Alicante,801-1000,https://www.topuniversities.com/sites/default/files/styles/logo_88x88/public/profiles/logos/universidad-de-alicante_592560cf2aeae70239af5067_large_1.jpg
Singapore University of Design and Technology (SUTD),1000+,https://www.topuniversities.com/sites/default/files/styles/logo_88x88/public/default_images/school-logo_def.png
Nanyang Technological University,13,https://www.topuniversities.com/sites/default/files/styles/logo_88x88/public/default_images/school-logo_def.png
University of Iceland,1000+,https://www.topuniversities.com/sites/default/files/styles/logo_88x88/public/default_images/school-logo_def_3.png
Trinity College Dublin,101,https://www.topuniversities.com/sites/default/files/styles/logo_88x88/public/profiles/logos/trinity-college-dublin-the-university-of-dublin_167_large_2.jpg
"Aston University, Aston Business School",511-520,https://www.topuniversities.com/sites/default/files/styles/logo_88x88/public/profiles/logos/aston-university_29_large_2.jpg
University of Sheffield,93,https://www.topuniversities.com/sites/default/files/styles/logo_88x88/public/profiles/logos/the-university-of-sheffield_592560cf2aeae70239af4cb1_large_0.jpg
University of Reading,205,https://www.topuniversities.com/sites/default/files/styles/logo_88x88/public/profiles/logos/university-of-reading_517_large.jpg
UWE Bristol,정보 없음,https://www.topuniversities.com/sites/default/files/styles/logo_88x88/public/default_images/school-logo_def.png
University of Leicester,242,https://www.topuniversities.com/sites/default/files/styles/logo_88x88/public/profiles/logos/university-of-leicester_339_large_2.jpg
Fachhochschule Vorarlberg ,1000+,https://www.topuniversities.com/sites/default/files/styles/logo_88x88/public/default_images/school-logo_def.png
FHWien der WKW University of Applied Sciences for Management & Communication,정보 없음,https://www.topuniversities.com/sites/default/files/styles/logo_88x88/public/default_images/school-logo_def.png
University of Applied Sciences Upper Austria,정보 없음,https://www.topuniversities.com/sites/default/files/styles/logo_88x88/public/default_images/school-logo_def.png
University of Applied Sciences Wr. Neustadt Austria,정보 없음,https://www.topuniversities.com/sites/default/files/styles/logo_88x88/public/default_images/school-logo_def.png
FH Kufstein Tirol University of Applied Sciences,1000+,https://www.topuniversities.com/sites/default/files/styles/logo_88x88/public/profiles/logos/fh-kufstein-tirol-university-of-applied-sciences_2161_large_1.jpg
Universidad ORT Uruguay,462,https://www.topuniversities.com/sites/default/files/styles/logo_88x88/public/profiles/logos/universidad-ort-uruguay_470_large_4.jpg
Ca' Foscari University of Venice,751-800,https://www.topuniversities.com/sites/default/files/styles/logo_88x88/public/default_images/school-logo_def.png
University of Verona,정보 없음,https://www.topuniversities.com/sites/default/files/styles/logo_88x88/public/default_images/school-logo_def.png
BINUS UNIVERSITY,정보 없음,https://www.topuniversities.com/sites/default/files/styles/logo_88x88/public/default_images/school-logo_def.png
Institut Teknologi Bandung ,정보 없음,https://www.topuniversities.com/sites/default/files/styles/logo_88x88/public/default_images/school-logo_def.png
Hitotsubashi University,501-510,https://www.topuniversities.com/sites/default/files/styles/logo_88x88/public/profiles/logos/hitotsubashi-university-business-school-school-of-international-corporate-strategy_592560cf2aeae70239af4b8d_large_3.jpg
Ritsumeikan University,801-1000,https://www.topuniversities.com/sites/default/files/styles/logo_88x88/public/profiles/logos/ritsumeikan-university_592560cf2aeae70239af4c92_large_0.jpg
Nagoya University,110,https://www.topuniversities.com/sites/default/files/styles/logo_88x88/public/profiles/logos/nagoya-university_427_large.jpg
Toyo University,1000+,https://www.topuniversities.com/sites/default/files/styles/logo_88x88/public/profiles/logos/toyo-university-_592560cf2aeae70239af4e8b_large.jpg
"SOKA University, Japan",1000+,https://www.topuniversities.com/sites/default/files/styles/logo_88x88/public/profiles/logos/soka-university_5a8ce9996ee6c87ad45117a0_large.jpg
Kyushu University,124,https://www.topuniversities.com/sites/default/files/styles/logo_88x88/public/profiles/logos/kyushu-university_331_large_2.jpg
Daito Bunka University,정보 없음,https://www.topuniversities.com/sites/default/files/styles/logo_88x88/public/default_images/school-logo_def.png
Nishogakusha University,정보 없음,https://www.topuniversities.com/sites/default/files/styles/logo_88x88/public/default_images/school-logo_def.png
Hokkaido University,139,https://www.topuniversities.com/sites/default/files/styles/logo_88x88/public/profiles/logos/hokkaido-university_266_large_2.jpg
Chuo University ,1000+,https://www.topuniversities.com/sites/default/files/styles/logo_88x88/public/profiles/logos/chuo-university-_592560cf2aeae70239af4e76_large.jpg
SOKA University,1000+,https://www.topuniversities.com/sites/default/files/styles/logo_88x88/public/profiles/logos/soka-university_5a8ce9996ee6c87ad45117a0_large.jpg
Waseda University,189,https://www.topuniversities.com/sites/default/files/styles/logo_88x88/public/profiles/logos/waseda-university_592560cf2aeae70239af4d1c_large_1.jpg
Beihang University,449,https://www.topuniversities.com/sites/default/files/styles/logo_88x88/public/default_images/school-logo_def.png
Beijing Normal University,279,https://www.topuniversities.com/sites/default/files/styles/logo_88x88/public/profiles/logos/beijing-normal-university_869_large_2.jpg
Fudan University,34,https://www.topuniversities.com/sites/default/files/styles/logo_88x88/public/profiles/logos/fudan-university_218_large_2.jpg
"Renmin University of China, Renmin Business School",정보 없음,https://www.topuniversities.com/sites/default/files/styles/logo_88x88/public/default_images/school-logo_def.png
Zhejiang University,53,https://www.topuniversities.com/sites/default/files/styles/logo_88x88/public/profiles/logos/zhejiang-university_592560cf2aeae70239af4d37_large_0.jpg
Shandong University,485,https://www.topuniversities.com/sites/default/files/styles/logo_88x88/public/profiles/logos/shandong-university_555_large_2.jpg
Chongqing University,751-800,https://www.topuniversities.com/sites/default/files/styles/logo_88x88/public/profiles/logos/chongqing-university_873_large_3.jpg
Shandong University (위해 캠퍼스),485,https://www.topuniversities.com/sites/default/files/styles/logo_88x88/public/profiles/logos/shandong-university_555_large_2.jpg
Shanghai Jiao Tong University,47,https://www.topuniversities.com/sites/default/files/styles/logo_88x88/public/profiles/logos/shanghai-jiao-tong-university_556_large_1.jpg
Masaryk University,531-540,https://www.topuniversities.com/sites/default/files/styles/logo_88x88/public/profiles/logos/masaryk-university_592560cf2aeae70239af4d5a_large_1.jpg
Charles University,260,https://www.topuniversities.com/sites/default/files/styles/logo_88x88/public/profiles/logos/charles-university_117_large_1.jpg
Universidad Mayor,1000+,https://www.topuniversities.com/sites/default/files/styles/logo_88x88/public/profiles/logos/universidad-mayor_592560cf2aeae70239af512d_large.jpg
HEC Montreal,1000+,https://www.topuniversities.com/sites/default/files/styles/logo_88x88/public/profiles/logos/hec-montral_592560cf2aeae70239af5163_large_0.jpg
"Asper School of Business, University of Manitoba",1000+,https://www.topuniversities.com/sites/default/files/styles/logo_88x88/public/profiles/logos/asper-school-of-business_5b646ea59ed4194e0c650091_large.jpg
"Grenfell Campus, Memorial University of Newfoundland",정보 없음,https://www.topuniversities.com/sites/default/files/styles/logo_88x88/public/default_images/school-logo_def.png
Ryerson University - Faculty of Communication and Design (FCAD),801-1000,https://www.topuniversities.com/sites/default/files/styles/logo_88x88/public/profiles/logos/ryerson-university_592560cf2aeae70239af5166_large_2.jpg
Elon University,1000+,https://www.topuniversities.com/sites/default/files/styles/logo_88x88/public/profiles/logos/elon-university_5c820ebf5c52f35e994cf5d8_large_0.jpg
"Simon Fraser University, Beedie School of Business",323,https://www.topuniversities.com/sites/default/files/styles/logo_88x88/public/profiles/logos/simon-fraser-university_562_large_1.jpg
Nipissing University,1000+,https://www.topuniversities.com/sites/default/files/styles/logo_88x88/public/default_images/school-logo_def_3.png
Okanagan College,1000+,https://www.topuniversities.com/sites/default/files/styles/logo_88x88/public/default_images/school-logo_def_3.png
"University of Zagreb, Faculty of Economics & Business",801-1000,https://www.topuniversities.com/sites/default/files/styles/logo_88x88/public/profiles/logos/university-of-zagreb_14110_large_2.jpg
"Mahidol University, College of Management",252,https://www.topuniversities.com/sites/default/files/styles/logo_88x88/public/profiles/logos/mahidol-university_381_large_0.jpg
Chulalongkorn University,208,https://www.topuniversities.com/sites/default/files/styles/logo_88x88/public/profiles/logos/chulalongkorn-university_592560cf2aeae70239af4b01_large_2.jpg
Kadir Has University,정보 없음,https://www.topuniversities.com/sites/default/files/styles/logo_88x88/public/default_images/school-logo_def.png
Sabanci University,521-530,https://www.topuniversities.com/sites/default/files/styles/logo_88x88/public/profiles/logos/sabanci-university_542_large_2.jpg
Bogazici University,651-700,https://www.topuniversities.com/sites/default/files/styles/logo_88x88/public/profiles/logos/bogazii-niversitesi_1575_large_11.jpg
SGH Warsaw School of Economics,1000+,https://www.topuniversities.com/sites/default/files/styles/logo_88x88/public/default_images/school-logo_def.png
Emlyon Business School,1000+,https://www.topuniversities.com/sites/default/files/styles/logo_88x88/public/profiles/logos/emlyon-business-school_183_large_10.jpg
University of the Basque Country(UPV/EHU),751-800,https://www.topuniversities.com/sites/default/files/styles/logo_88x88/public/profiles/logos/universidad-del-pais-vasco_592560cf2aeae70239af506c_large_1.jpg
ICN Business School,1000+,https://www.topuniversities.com/sites/default/files/styles/logo_88x88/public/profiles/logos/icn-business-school_592560cf2aeae70239af4b85_large_2.jpg
KEDGE Business School,1000+,https://www.topuniversities.com/sites/default/files/styles/logo_88x88/public/profiles/logos/kedge-business-school_592560e19988f300e2320ed3_large_1.jpg
ISC Paris Business School,1000+,https://www.topuniversities.com/sites/default/files/styles/logo_88x88/public/profiles/logos/isc-paris-business-school_592560cf2aeae70239af542a_large_1.jpg
Université Catholique de Lille,1000+,https://www.topuniversities.com/sites/default/files/styles/logo_88x88/public/default_images/school-logo_def_3.png
ECE - Graduate School of Engineering,1000+,https://www.topuniversities.com/sites/default/files/styles/logo_88x88/public/default_images/school-logo_def.png
Association Léonard de Vinci,정보 없음,https://www.topuniversities.com/sites/default/files/styles/logo_88x88/public/default_images/school-logo_def.png
INALCO,정보 없음,https://www.topuniversities.com/sites/default/files/styles/logo_88x88/public/default_images/school-logo_def.png
Université Paris 1 Panthéon-Sorbonne,287,https://www.topuniversities.com/sites/default/files/styles/logo_88x88/public/profiles/logos/universit-paris-1-panthon-sorbonne_482_large_2.jpg
ISCID-CO,정보 없음,https://www.topuniversities.com/sites/default/files/styles/logo_88x88/public/default_images/school-logo_def.png
University Jean Moulin Lyon 3,801-1000,https://www.topuniversities.com/sites/default/files/styles/logo_88x88/public/default_images/school-logo_def.png
Montpellier Business School,1000+,https://www.topuniversities.com/sites/default/files/styles/logo_88x88/public/profiles/logos/montpellier-business-school_592560e99988f300e2322502_large_0.jpg
University of Lille,정보 없음,https://www.topuniversities.com/sites/default/files/styles/logo_88x88/public/default_images/school-logo_def.png
IESEG School of Management (Paris),1000+,https://www.topuniversities.com/sites/default/files/styles/logo_88x88/public/default_images/school-logo_def.png
University of Vaasa,정보 없음,https://www.topuniversities.com/sites/default/files/styles/logo_88x88/public/default_images/school-logo_def.png
University of Eastern Finland UEF,499,https://www.topuniversities.com/sites/default/files/styles/logo_88x88/public/default_images/school-logo_def.png
Tampere University,409,https://www.topuniversities.com/sites/default/files/styles/logo_88x88/public/profiles/logos/tampere-university_5bbf14847d023f5bc849ec9a_large_0.jpg
University of Helsinki,104,https://www.topuniversities.com/sites/default/files/styles/logo_88x88/public/profiles/logos/university-of-helsinki_260_large_7.jpg
University of Lapland,1000+,https://www.topuniversities.com/sites/default/files/styles/logo_88x88/public/default_images/school-logo_def_3.png
Kajaani University of Applied Sciences,정보 없음,https://www.topuniversities.com/sites/default/files/styles/logo_88x88/public/default_images/school-logo_def.png
"Turku University of Applied Sciences, Faculty of Engineering and Business",1000+,https://www.topuniversities.com/sites/default/files/styles/logo_88x88/public/default_images/school-logo_def_3.png
Haaga-Helia University of Applied Sciences,정보 없음,https://www.topuniversities.com/sites/default/files/styles/logo_88x88/public/default_images/school-logo_def.png
Haaga-Helia UAS,정보 없음,https://www.topuniversities.com/sites/default/files/styles/logo_88x88/public/default_images/school-logo_def.png
University of Technology Sydney  ,133,https://www.topuniversities.com/sites/default/files/styles/logo_88x88/public/profiles/logos/university-of-technology-sydney_592560cf2aeae70239af4ccf_large_4.jpg
The University of Melbourne,41,https://www.topuniversities.com/sites/default/files/styles/logo_88x88/public/profiles/logos/the-university-of-melbourne_399_large_2.jpg
University of Newcastle,197,https://www.topuniversities.com/sites/default/files/styles/logo_88x88/public/profiles/logos/the-university-of-newcastle-australia-uon_449_large_3.jpg
The University of Western Australia (UWA),92,https://www.topuniversities.com/sites/default/files/styles/logo_88x88/public/profiles/logos/the-university-of-western-australia_673_large_12.jpg
Australian National University,31,https://www.topuniversities.com/sites/default/files/styles/logo_88x88/public/profiles/logos/the-australian-national-university_40_large_7.jpg
"NEOMA Business School
 (Reims & Rouen)",1000+,https://www.topuniversities.com/sites/default/files/styles/logo_88x88/public/profiles/logos/neoma-business-school-france_592560cf2aeae70239af4fae_large_2.jpg
Toulouse Business School,1000+,https://www.topuniversities.com/sites/default/files/styles/logo_88x88/public/profiles/logos/toulouse-business-school_592560cf2aeae70239af4f00_large_7.jpg
North Park University,정보 없음,https://www.topuniversities.com/sites/default/files/styles/logo_88x88/public/default_images/school-logo_def.png
